{
    "accuracy": 0.9187866927592955,
    "precision": 0.13333333333333333,
    "recall": 0.12,
    "f1_score": 0.12631578947368421,
    "roc_auc": 0.7821193415637859,
    "conf_matrix": [
        [
            933,
            39
        ],
        [
            44,
            6
        ]
    ]
}