{
    "accuracy": 0.5870841487279843,
    "precision": 0.08666666666666667,
    "recall": 0.78,
    "f1_score": 0.156,
    "roc_auc": 0.80320987654321,
    "conf_matrix": [
        [
            561,
            411
        ],
        [
            11,
            39
        ]
    ]
}