{
    "accuracy": 0.8933463796477495,
    "precision": 0.13580246913580246,
    "recall": 0.22,
    "f1_score": 0.16793893129770993,
    "roc_auc": 0.772150205761317,
    "conf_matrix": [
        [
            902,
            70
        ],
        [
            39,
            11
        ]
    ]
}