{
    "accuracy": 0.8199608610567515,
    "precision": 0.11046511627906977,
    "recall": 0.38,
    "f1_score": 0.17117117117117117,
    "roc_auc": 0.7431893004115225,
    "conf_matrix": [
        [
            819,
            153
        ],
        [
            31,
            19
        ]
    ]
}