{
    "accuracy": 0.8786692759295499,
    "precision": 0.13,
    "recall": 0.26,
    "f1_score": 0.17333333333333334,
    "roc_auc": 0.7718312757201646,
    "conf_matrix": [
        [
            885,
            87
        ],
        [
            37,
            13
        ]
    ]
}